tag,patterns,responses
definisi_stunting,Apa yang dimaksud dengan stunting?,"Menurut WHO (2015), stunting adalah gangguan pertumbuhan dan perkembangan anak akibat kekurangan gizi kronis."
definisi_stunting,Stunting itu apa sih?,Stunting adalah kondisi ketika pertumbuhan fisik dan perkembangan anak terhambat.
definisi_stunting,Stunting adalah?,"Stunting adalah kondisi pertumbuhan fisik anak terhambat, ditandai dengan tinggi badan yang lebih pendek dari standar usianya."
definisi_stunting,Stunting merupakan?,Stunting adalah kondisi di mana anak memiliki tinggi badan yang lebih pendek dari anak seusianya.
definisi_stunting,Stunting itu apa?,"Menurut WHO (2015), stunting adalah gangguan pertumbuhan dan perkembangan anak akibat kekurangan gizi kronis."
definisi_stunting,Stunting?,Stunting adalah kondisi ketika pertumbuhan fisik dan perkembangan anak terhambat.
definisi_stunting,Apa sih stunting itu?,"Stunting adalah kondisi pertumbuhan fisik anak terhambat, ditandai dengan tinggi badan yang lebih pendek dari standar usianya."
definisi_stunting,Definisi stunting,Stunting adalah kondisi di mana anak memiliki tinggi badan yang lebih pendek dari anak seusianya.
definisi_stunting,Pengertian stunting itu apa?,"Menurut WHO (2015), stunting adalah gangguan pertumbuhan dan perkembangan anak akibat kekurangan gizi kronis."
definisi_stunting,Apa sih definisi stunting?,Stunting adalah kondisi ketika pertumbuhan fisik dan perkembangan anak terhambat.
definisi_stunting,Bisa jelaskan apa itu stunting,"Stunting adalah kondisi pertumbuhan fisik anak terhambat, ditandai dengan tinggi badan yang lebih pendek dari standar usianya."
definisi_stunting,Stunting,Stunting adalah kondisi di mana anak memiliki tinggi badan yang lebih pendek dari anak seusianya.
definisi_stunting,Definisi stunting,"Menurut WHO (2015), stunting adalah gangguan pertumbuhan dan perkembangan anak akibat kekurangan gizi kronis."
definisi_stunting,Pengertian stunting,Stunting adalah kondisi ketika pertumbuhan fisik dan perkembangan anak terhambat.
definisi_stunting,Penyakit stunting adalah,"Stunting adalah kondisi pertumbuhan fisik anak terhambat, ditandai dengan tinggi badan yang lebih pendek dari standar usianya."
definisi_stunting,Kamu tau ngga apa itu stunting?,Stunting adalah kondisi di mana anak memiliki tinggi badan yang lebih pendek dari anak seusianya.


