tag,pattern
tindakan_stunting,Gimana cara mengatasi kalau anak terdeteksi stunting?
tindakan_stunting,Apa langkah pertama yang harus diambil kalau anak ternyata stunting?
tindakan_stunting,Apa yang harus dilakukan orang tua kalau anaknya stunting?
tindakan_stunting,Bagaimana cara membantu anak yang sudah terlanjur stunting?
tindakan_stunting,Apa aja tindakan yang bisa dilakukan kalau anak ketahuan stunting?
tindakan_stunting,Apa yang bisa orang tua lakukan untuk anak yang stunting?
tindakan_stunting,Langkah apa yang sebaiknya diambil kalau anak didiagnosis stunting?
tindakan_stunting,Apa tindakan yang harus diambil kalau anak mengalami stunting?
tindakan_stunting,Bagaimana cara menangani anak yang stunting?
tindakan_stunting,Apa yang sebaiknya dilakukan kalau anak terdeteksi mengalami stunting?
tindakan_stunting,Apa langkah-langkah penting yang harus diambil kalau anak stunting?
tindakan_stunting,Gimana cara merawat anak yang stunting?
tindakan_stunting,Apa yang bisa dilakukan untuk membantu anak yang terdeteksi stunting?
tindakan_stunting,Apa yang perlu dilakukan kalau anak terbukti stunting?
tindakan_stunting,Bagaimana cara mengatasi masalah stunting pada anak?
tindakan_stunting,Apa tindakan cepat yang harus diambil kalau anak stunting?
tindakan_stunting,Apa yang bisa dilakukan untuk memperbaiki kondisi anak yang stunting?
ukur_tinggi,Gimana cara yang tepat buat ngukur tinggi badan anak biar tahu dia stunting atau nggak?
ukur_tinggi,Apa langkah-langkah buat ngukur tinggi badan anak dengan benar?
ukur_tinggi,Cara paling akurat buat ngukur tinggi badan anak gimana sih?
ukur_tinggi,Apa yang perlu diperhatikan waktu ngukur tinggi badan anak buat deteksi stunting?
ukur_tinggi,Bisa kasih tips ngukur tinggi badan anak dengan benar?
ukur_tinggi,Apa cara terbaik buat ngukur tinggi badan anak di rumah?
ukur_tinggi,Gimana cara memastikan pengukuran tinggi badan anak itu akurat?
ukur_tinggi,Apa yang harus diperhatikan biar pengukuran tinggi badan anak nggak salah?
ukur_tinggi,Langkah-langkah tepat ngukur tinggi badan anak itu gimana?
ukur_tinggi,Cara gampang ngukur tinggi badan anak biar hasilnya bener gimana ya?
ukur_tinggi,Gimana caranya biar ngukur tinggi badan anak nggak meleset?
ukur_tinggi,Apa aja sih alat yang dibutuhin buat ngukur tinggi badan anak dengan benar?
ukur_tinggi,Gimana caranya ngukur tinggi badan anak kalo di rumah nggak ada alat khusus?
ukur_tinggi,Apa trik sederhana buat ngukur tinggi badan anak dengan akurat?
ukur_tinggi,Apa yang harus dilakukan sebelum ngukur tinggi badan anak?
ukur_tinggi,Gimana cara ngukur tinggi badan anak kalo dia nggak bisa diam?
ukur_tinggi,Cara yang bener buat ngukur tinggi badan anak di posyandu gimana?
pola_asuh,Kenapa cara merawat anak bisa berpengaruh ke stunting?
pola_asuh,Gimana sih pola asuh yang bisa bikin anak tumbuh optimal?
pola_asuh,Pola asuh kayak gimana yang bisa cegah stunting?
pola_asuh,Apakah cara orang tua merawat anak bisa bikin anak jadi stunting?
pola_asuh,Apa kaitannya pola asuh dengan pertumbuhan anak yang terhambat?
pola_asuh,Cara mendidik anak yang salah bisa bikin stunting nggak sih?
pola_asuh,Bagaimana pola pengasuhan bisa mempengaruhi tinggi badan anak?
pola_asuh,Apa pengaruh gaya asuh orang tua terhadap risiko stunting pada anak?
pola_asuh,Gimana hubungan antara asupan gizi dan cara asuh dengan stunting?
pola_asuh,Apakah pola makan dan pola asuh bisa mempengaruhi stunting?
pola_asuh,Kenapa penting buat orang tua tahu cara merawat anak biar nggak stunting?
pola_asuh,Pola asuh yang buruk bisa menyebabkan stunting?
pola_asuh,Bagaimana pola asuh yang baik bisa membantu pertumbuhan anak?
pola_asuh,Apa peran orang tua dalam mencegah stunting lewat pola asuh?
pola_asuh,Gimana cara orang tua ngasuh anak biar nggak kena stunting?
pola_asuh,Pola asuh seperti apa yang bisa memperparah risiko stunting?
pola_asuh,Apa aja sih yang harus diperhatiin orang tua dalam pola asuh biar anaknya nggak stunting?
tanda_stunting,Bagaimana gejala yang menandakan bahwa seorang anak mengalami stunting?
tanda_stunting,Apa ciri-ciri yang bisa mengindikasikan bahwa seorang anak mengalami stunting?
tanda_stunting,Apa saja tanda-tanda yang menunjukkan bahwa pertumbuhan anak terhambat?
tanda_stunting,Gejala apa yang mungkin terlihat pada anak yang mengalami stunting?
tanda_stunting,Apa tanda-tanda yang bisa dikenali jika seorang anak mengalami stunting?
tanda_stunting,Apa saja ciri-ciri yang dapat mengidentifikasi anak yang mengalami stunting?
tanda_stunting,Bagaimana cara mengenali bahwa seorang anak mengalami stunting?
tanda_stunting,Apa yang perlu diperhatikan sebagai tanda anak mengalami stunting?
tanda_stunting,Apa tanda-tanda yang biasanya terlihat pada anak yang stunting?
tanda_stunting,Bagaimana cara melihat bahwa seorang anak mengalami stunting?
tanda_stunting,Apa gejala yang dapat menunjukkan bahwa seorang anak menderita stunting?
tanda_stunting,Apa indikasi umum bahwa seorang anak menderita stunting?
tanda_stunting,Apa saja tanda yang menunjukkan bahwa pertumbuhan anak tidak normal?
tanda_stunting,Bagaimana cara mengetahui apakah seorang anak mengalami stunting atau tidak?
tanda_stunting,Apa ciri-ciri fisik yang bisa menunjukkan anak mengalami stunting?
tanda_stunting,Apa tanda-tanda fisik yang biasanya dimiliki oleh anak yang mengalami stunting?
tanda_stunting,Bagaimana cara mengidentifikasi stunting pada anak secara visual?
makanan_ibu_hamil,Apa makanan yang disarankan untuk ibu hamil guna mencegah stunting?
makanan_ibu_hamil,Bagaimana pola makan yang tepat bagi ibu hamil untuk mencegah stunting?
makanan_ibu_hamil,Apa jenis makanan yang sebaiknya dikonsumsi ibu hamil untuk mengurangi risiko stunting?
makanan_ibu_hamil,Apa saja makanan bergizi yang seharusnya dimakan ibu hamil agar tidak terjadi stunting?
makanan_ibu_hamil,Bagaimana cara memilih makanan yang tepat untuk ibu hamil guna mencegah stunting?
makanan_ibu_hamil,Apa makanan yang harus dihindari oleh ibu hamil untuk mengurangi risiko stunting?
makanan_ibu_hamil,Bagaimana pola konsumsi makanan ibu hamil dapat mempengaruhi risiko stunting?
makanan_ibu_hamil,Apa saja nutrisi yang harus diprioritaskan dalam makanan ibu hamil untuk mencegah stunting?
makanan_ibu_hamil,Apa tips menyusun menu makanan sehari-hari untuk ibu hamil agar terhindar dari stunting?
makanan_ibu_hamil,Bagaimana pengaruh konsumsi makanan bergizi oleh ibu hamil terhadap mencegah stunting?
makanan_ibu_hamil,Apa jenis makanan yang paling penting dikonsumsi oleh ibu hamil untuk mencegah stunting?
makanan_ibu_hamil,Bagaimana peran nutrisi dalam makanan ibu hamil dalam pencegahan stunting?
makanan_ibu_hamil,Apa yang harus diperhatikan dalam memilih makanan untuk ibu hamil guna mencegah stunting?
makanan_ibu_hamil,Bagaimana cara memastikan ibu hamil mendapatkan nutrisi yang cukup untuk mencegah stunting?
makanan_ibu_hamil,Apa makanan yang dapat mendukung pertumbuhan optimal janin dan mencegah stunting pada ibu hamil?
makanan_ibu_hamil,Bagaimana pola makan sehat dapat mempengaruhi kondisi stunting pada ibu hamil?
makanan_ibu_hamil,Apa manfaat mengonsumsi makanan bergizi bagi ibu hamil untuk pencegahan stunting?
suplemen_hamil,Apa jenis suplemen yang disarankan untuk ibu selama kehamilan?
suplemen_hamil,Apa saja suplemen yang dianjurkan untuk dikonsumsi oleh ibu hamil?
suplemen_hamil,Apakah yang menjadi rekomendasi suplemen untuk ibu saat mengandung?
suplemen_hamil,Suplemen apa yang sebaiknya dikonsumsi ibu ketika sedang hamil?
suplemen_hamil,Apa suplemen yang direkomendasikan bagi ibu yang sedang hamil?
suplemen_hamil,Apa yang disarankan sebagai suplemen untuk ibu saat kehamilan?
suplemen_hamil,Apa suplemen yang perlu dikonsumsi ibu saat sedang mengandung?
suplemen_hamil,Apa jenis suplemen yang penting bagi ibu hamil?
suplemen_hamil,Apa suplemen yang disarankan untuk ibu saat sedang hamil?
suplemen_hamil,Apa saja yang sebaiknya dikonsumsi sebagai suplemen oleh ibu ketika mengandung?
suplemen_hamil,Apa yang seharusnya dikonsumsi sebagai suplemen oleh ibu pada masa kehamilan?
suplemen_hamil,Apa yang perlu dipertimbangkan sebagai suplemen untuk ibu yang sedang hamil?
suplemen_hamil,Apa suplemen yang sebaiknya dibeli ibu saat hamil?
suplemen_hamil,Apa yang perlu diketahui tentang suplemen yang diperlukan ibu hamil?
suplemen_hamil,Apa suplemen yang dianjurkan untuk ibu ketika sedang mengandung?
suplemen_hamil,Apa yang menjadi rekomendasi suplemen untuk ibu saat mengandung?
suplemen_hamil,Apa yang perlu dikonsumsi sebagai suplemen bagi ibu yang sedang hamil?
peran_pemerintah,Bagaimana kontribusi pemerintah dalam upaya mengurangi kasus stunting di masyarakat?
peran_pemerintah,Apa saja langkah yang diambil pemerintah untuk mendukung program pencegahan stunting?
peran_pemerintah,Bagaimana peran pemerintah dalam menyediakan akses terhadap nutrisi yang memadai bagi masyarakat?
peran_pemerintah,Apa yang dilakukan pemerintah untuk meningkatkan kesadaran masyarakat terkait stunting?
peran_pemerintah,Bagaimana kebijakan pemerintah membantu dalam meningkatkan ketersediaan layanan kesehatan yang memadai untuk mencegah stunting?
peran_pemerintah,Apa langkah konkret pemerintah dalam menggalakkan praktik pemberian ASI eksklusif untuk mengurangi stunting?
peran_pemerintah,Bagaimana pemerintah mendukung pendidikan gizi bagi masyarakat untuk mencegah stunting?
peran_pemerintah,Apa peran program sosial pemerintah dalam pencegahan stunting?
peran_pemerintah,Bagaimana pemerintah memanfaatkan anggaran untuk mendukung program pencegahan stunting?
peran_pemerintah,Apa strategi pemerintah dalam meningkatkan akses air bersih untuk mencegah stunting?
peran_pemerintah,Bagaimana pemerintah melibatkan komunitas dalam upaya pencegahan stunting?
peran_pemerintah,Apa upaya pemerintah dalam memastikan ketersediaan dan akses terhadap makanan bergizi untuk mencegah stunting?
peran_pemerintah,Bagaimana kebijakan pemerintah dalam meningkatkan kualitas sanitasi untuk mengurangi risiko stunting?
peran_pemerintah,Apa yang dilakukan pemerintah untuk meningkatkan program imunisasi sebagai bagian dari pencegahan stunting?
peran_pemerintah,Bagaimana pemerintah menangani masalah stunting di daerah pedesaan dan perkotaan?
peran_pemerintah,Apa peran pemerintah dalam memfasilitasi kolaborasi antara sektor publik dan swasta dalam pencegahan stunting?
peran_pemerintah,Bagaimana peran legislatif dalam mendukung inisiatif pemerintah dalam mencegah stunting?
pantau_stunting,Kenapa kita perlu mengawasi perkembangan anak secara teratur?
pantau_stunting,Apa manfaat dari memeriksa perkembangan anak secara berkala?
pantau_stunting,Mengapa penting untuk terus memantau bagaimana anak tumbuh dan berkembang?
pantau_stunting,Mengapa kita harus rutin memeriksa kemajuan perkembangan anak?
pantau_stunting,Apa yang bisa kita peroleh dari mengamati pertumbuhan anak secara teratur?
pantau_stunting,Mengapa perlu melacak perkembangan anak secara teratur?
pantau_stunting,Kenapa memonitor pertumbuhan anak setiap waktu penting?
pantau_stunting,Mengapa penting memantau perkembangan fisik dan mental anak secara teratur?
pantau_stunting,Apa yang membuat pemantauan perkembangan anak menjadi aspek krusial dari perawatan mereka?
pantau_stunting,Kenapa kita harus senantiasa memeriksa tumbuh kembang anak?
pantau_stunting,Mengapa penting memeriksa tumbuh kembang anak secara berkala?
pantau_stunting,Mengapa mengawasi perkembangan anak setiap saat sangatlah penting?
pantau_stunting,Apa yang bisa diperoleh dengan memeriksa tumbuh kembang anak secara rutin?
pantau_stunting,Mengapa penting untuk terus memonitor perkembangan anak dari waktu ke waktu?
pantau_stunting,Mengapa kita perlu mengikuti perkembangan fisik dan mental anak secara berkala?
pantau_stunting,Kenapa penting untuk selalu memeriksa bagaimana anak kita tumbuh dan berkembang?
pantau_stunting,Mengapa memeriksa tumbuh kembang anak secara teratur merupakan hal yang penting bagi perawatan mereka?
ukur_stunting,Bagaimana cara mengukur stunting pada anak?
ukur_stunting,Apa saja yang diperhatikan dalam menentukan apakah seorang anak mengalami stunting?
ukur_stunting,Bagaimana proses penilaian stunting dilakukan?
ukur_stunting,Apa saja yang diukur atau diperhatikan dalam menentukan kehadiran stunting?
ukur_stunting,Bagaimana para profesional kesehatan menentukan apakah seorang anak mengalami stunting atau tidak?
ukur_stunting,Apa indikator yang digunakan untuk menilai kondisi stunting pada anak?
ukur_stunting,Apa yang menjadi acuan atau standar dalam menentukan stunting pada anak?
ukur_stunting,Apa parameter yang digunakan untuk mengevaluasi stunting pada anak?
ukur_stunting,Bagaimana cara menentukan apakah seorang anak terkena stunting?
ukur_stunting,Apa saja yang dinilai atau diukur untuk menentukan adanya stunting pada anak?
ukur_stunting,Bagaimana cara mengenali tanda-tanda stunting pada anak?
ukur_stunting,Apa yang diperhatikan ketika menilai pertumbuhan anak terkait stunting?
ukur_stunting,Apa yang menjadi petunjuk bahwa seorang anak mengalami stunting?
ukur_stunting,Apa yang menjadi tolak ukur untuk menilai kehadiran stunting pada anak?
ukur_stunting,Bagaimana cara memeriksa apakah seorang anak terdampak stunting?
ukur_stunting,Apa saja aspek yang diperiksa untuk menilai kondisi stunting pada anak?
ukur_stunting,Bagaimana cara menilai kondisi gizi anak terkait stunting?
peran_pemerintah,Apa inisiatif pemerintah untuk mencegah stunting?
peran_pemerintah,Program apa saja yang dijalankan pemerintah untuk menanggulangi stunting?
peran_pemerintah,Bagaimana pemerintah berkontribusi dalam upaya pencegahan stunting?
peran_pemerintah,Kebijakan apa yang dibuat pemerintah untuk mengatasi stunting?
peran_pemerintah,Langkah apa yang diambil pemerintah untuk mengurangi angka stunting?
peran_pemerintah,Apa saja proyek pemerintah yang bertujuan mencegah stunting?
peran_pemerintah,Bagaimana peran pemerintah dalam kampanye melawan stunting?
peran_pemerintah,Apa saja usaha pemerintah dalam meningkatkan gizi anak-anak?
peran_pemerintah,Program kesehatan apa yang disediakan pemerintah untuk mencegah stunting?
peran_pemerintah,Inisiatif apa yang diambil pemerintah untuk memastikan anak-anak tumbuh sehat?
peran_pemerintah,Bagaimana pemerintah mendukung edukasi gizi untuk mencegah stunting?
peran_pemerintah,Apa saja program pemberian makanan bergizi yang dijalankan pemerintah?
peran_pemerintah,Langkah apa yang dilakukan pemerintah untuk memperbaiki sanitasi guna mencegah stunting?
peran_pemerintah,Program pendampingan ibu hamil apa yang ditawarkan oleh pemerintah?
peran_pemerintah,Bagaimana pemerintah memastikan akses terhadap layanan kesehatan untuk mencegah stunting?
peran_pemerintah,Apa saja upaya pemerintah dalam menyediakan air bersih untuk mencegah stunting?
peran_pemerintah,Bagaimana pemerintah mendukung posyandu dalam pencegahan stunting?
pola_makan_cegah_stunting,Apa yang harus dimakan anak biar nggak stunting?
pola_makan_cegah_stunting,Gimana sih menu makanan biar anak tumbuh tinggi dan sehat?
pola_makan_cegah_stunting,Apa makanan yang bagus buat cegah stunting pada anak?
pola_makan_cegah_stunting,Apa tips pola makan sehat untuk mencegah stunting?
pola_makan_cegah_stunting,Menu harian apa yang direkomendasiin biar anak nggak stunting?
pola_makan_cegah_stunting,Apa jenis makanan yang bisa bantu mencegah stunting?
pola_makan_cegah_stunting,Gimana cara mengatur pola makan biar anak tumbuh optimal?
pola_makan_cegah_stunting,Apa sih makanan yang harus dikasih ke anak biar terhindar dari stunting?
pola_makan_cegah_stunting,Apa saja makanan yang wajib dimakan anak biar nggak stunting?
pola_makan_cegah_stunting,Bagaimana cara atur pola makan biar anak nggak stunting?
pola_makan_cegah_stunting,Menu makan apa yang pas buat anak biar nggak kekurangan gizi?
pola_makan_cegah_stunting,Apa aja makanan yang bagus buat anak supaya pertumbuhannya maksimal?
pola_makan_cegah_stunting,Gimana sih cara memberi makan anak biar stunting bisa dicegah?
pola_makan_cegah_stunting,Apa pola makan sehari-hari yang cocok buat cegah stunting pada anak?
pola_makan_cegah_stunting,Makanan apa yang harus dikonsumsi anak biar tumbuh tinggi dan kuat?
pola_makan_cegah_stunting,Gimana cara mengatur diet anak biar nggak stunting?
pola_makan_cegah_stunting,Apa aja yang harus dimakan anak biar pertumbuhan dan perkembangan mereka maksimal?
peran_keluarga_cegah_stunting,Apa saja langkah yang bisa diambil oleh keluarga untuk mengurangi risiko stunting?
peran_keluarga_cegah_stunting,Bagaimana kontribusi orang tua dalam mencegah stunting pada anak?
peran_keluarga_cegah_stunting,Apa yang bisa dilakukan keluarga untuk memastikan anak tumbuh sehat dan bebas dari stunting?
peran_keluarga_cegah_stunting,Bagaimana peran orang tua dalam memberikan gizi yang cukup untuk mencegah stunting?
peran_keluarga_cegah_stunting,Apa saja upaya keluarga dalam menjaga pertumbuhan anak agar tidak mengalami stunting?
peran_keluarga_cegah_stunting,Bagaimana cara keluarga mendukung nutrisi anak untuk mencegah stunting?
peran_keluarga_cegah_stunting,Apa yang bisa dilakukan oleh anggota keluarga untuk membantu mencegah stunting?
peran_keluarga_cegah_stunting,Bagaimana keluarga bisa berkontribusi dalam memastikan anak mendapatkan gizi seimbang?
peran_keluarga_cegah_stunting,Apa peran penting keluarga dalam pencegahan stunting?
peran_keluarga_cegah_stunting,Bagaimana cara orang tua memantau tumbuh kembang anak untuk mencegah stunting?
peran_keluarga_cegah_stunting,Apa saja yang perlu dilakukan keluarga untuk mendukung kesehatan anak dan mencegah stunting?
peran_keluarga_cegah_stunting,Bagaimana keluarga bisa terlibat dalam program pencegahan stunting?
peran_keluarga_cegah_stunting,Apa yang dapat dilakukan oleh keluarga untuk mencegah stunting di rumah?
peran_keluarga_cegah_stunting,Bagaimana keluarga bisa memastikan anak mendapatkan nutrisi yang tepat untuk mencegah stunting?
peran_keluarga_cegah_stunting,Apa saja peran kunci keluarga dalam mencegah stunting?
peran_keluarga_cegah_stunting,Bagaimana keluarga dapat mendukung pola makan sehat untuk mencegah stunting?
peran_keluarga_cegah_stunting,Apa saja tindakan yang bisa diambil oleh keluarga untuk membantu anak tumbuh sehat dan terhindar dari stunting?
mnegajarkan_pola_hidup_sehat,Bagaimana cara mengajarkan anak tentang pentingnya makan sehat?
mnegajarkan_pola_hidup_sehat,Apa langkah-langkah untuk membiasakan anak berolahraga secara rutin?
mnegajarkan_pola_hidup_sehat,Bagaimana cara memperkenalkan kebiasaan tidur yang baik kepada anak?
mnegajarkan_pola_hidup_sehat,Apa saja cara efektif untuk mengurangi waktu layar anak?
mnegajarkan_pola_hidup_sehat,Bagaimana mengajarkan anak pentingnya menjaga kebersihan diri?
mnegajarkan_pola_hidup_sehat,Apa tips untuk membuat anak lebih menyukai sayuran dan buah-buahan?
mnegajarkan_pola_hidup_sehat,Bagaimana cara mengajarkan anak tentang pentingnya minum air putih?
mnegajarkan_pola_hidup_sehat,Apa saja strategi untuk mengurangi konsumsi makanan manis pada anak?
mnegajarkan_pola_hidup_sehat,Bagaimana cara membiasakan anak cuci tangan sebelum makan?
mnegajarkan_pola_hidup_sehat,Apa metode terbaik untuk mengajarkan anak tentang pentingnya aktivitas fisik?
mnegajarkan_pola_hidup_sehat,Bagaimana cara mengajarkan anak tentang manfaat tidur yang cukup?
mnegajarkan_pola_hidup_sehat,Apa saja cara agar anak lebih aktif secara fisik setiap hari?
mnegajarkan_pola_hidup_sehat,Bagaimana cara membuat anak lebih tertarik dengan makanan sehat?
mnegajarkan_pola_hidup_sehat,Apa tips untuk membangun kebiasaan tidur yang baik pada anak?
mnegajarkan_pola_hidup_sehat,Bagaimana cara mengajarkan anak tentang pentingnya sarapan sehat?
mnegajarkan_pola_hidup_sehat,Apa cara terbaik untuk membiasakan anak menyikat gigi dua kali sehari?
mnegajarkan_pola_hidup_sehat,Bagaimana cara mengenalkan anak pada olahraga yang menyenangkan?
memotivasi_cek_kehamilan,Mengapa penting bagi ibu hamil untuk rutin memeriksakan kehamilan?
memotivasi_cek_kehamilan,Bagaimana mengajak ibu hamil agar rajin memeriksakan kehamilan?
memotivasi_cek_kehamilan,Apa saja alasan ibu hamil perlu rutin ke dokter atau bidan?
memotivasi_cek_kehamilan,Bagaimana cara mendorong ibu hamil untuk tidak melewatkan pemeriksaan kehamilan?
memotivasi_cek_kehamilan,Apa manfaat dari pemeriksaan kehamilan rutin bagi ibu hamil dan janin?
memotivasi_cek_kehamilan,Bagaimana memberikan motivasi kepada ibu hamil agar selalu mengikuti jadwal pemeriksaan kehamilan?
memotivasi_cek_kehamilan,Mengapa ibu hamil sebaiknya tidak melewatkan jadwal pemeriksaan kehamilan?
memotivasi_cek_kehamilan,Bagaimana cara membuat ibu hamil merasa nyaman untuk rutin memeriksakan kehamilannya?
memotivasi_cek_kehamilan,Apa yang bisa dilakukan untuk memastikan ibu hamil rutin menjalani pemeriksaan kehamilan?
memotivasi_cek_kehamilan,Bagaimana memberi semangat pada ibu hamil agar rajin ke dokter untuk pemeriksaan?
memotivasi_cek_kehamilan,Mengapa pemeriksaan kehamilan rutin penting untuk kesehatan ibu dan bayi?
memotivasi_cek_kehamilan,Bagaimana cara meningkatkan kesadaran ibu hamil tentang pentingnya pemeriksaan rutin?
memotivasi_cek_kehamilan,Apa saja cara agar ibu hamil selalu ingat jadwal pemeriksaan kehamilannya?
memotivasi_cek_kehamilan,Bagaimana mendukung ibu hamil untuk mematuhi jadwal pemeriksaan kehamilan?
memotivasi_cek_kehamilan,Apa strategi yang efektif untuk mendorong ibu hamil agar tidak melewatkan pemeriksaan?
memotivasi_cek_kehamilan,Bagaimana cara memastikan ibu hamil memahami pentingnya pemeriksaan kehamilan?
memotivasi_cek_kehamilan,Apa tips untuk membuat ibu hamil lebih semangat mengikuti pemeriksaan rutin?
memastikan_asupan_protein,Apa yang bisa dilakukan agar anak mendapatkan asupan protein yang cukup?
memastikan_asupan_protein,Bagaimana cara memastikan kebutuhan protein anak terpenuhi setiap hari?
memastikan_asupan_protein,Apa saja sumber protein yang baik untuk anak?
memastikan_asupan_protein,Bagaimana cara mengatur pola makan anak agar cukup protein?
memastikan_asupan_protein,Apa tips untuk menambahkan protein dalam makanan anak?
memastikan_asupan_protein,Bagaimana cara mengenali tanda-tanda anak kekurangan protein?
memastikan_asupan_protein,Apa saja makanan kaya protein yang disukai anak-anak?
memastikan_asupan_protein,Bagaimana cara mengkombinasikan makanan untuk memastikan cukup protein bagi anak?
memastikan_asupan_protein,Apa manfaat protein bagi pertumbuhan anak?
memastikan_asupan_protein,Bagaimana cara mengajak anak mengonsumsi makanan tinggi protein?
memastikan_asupan_protein,Apa peran orang tua dalam memastikan anak mendapatkan protein cukup?
memastikan_asupan_protein,Bagaimana mengatasi anak yang susah makan protein?
memastikan_asupan_protein,Apa yang perlu diperhatikan dalam memberikan suplemen protein kepada anak?
memastikan_asupan_protein,Bagaimana cara memasak makanan tinggi protein agar menarik bagi anak?
memastikan_asupan_protein,Apa akibatnya jika anak kekurangan protein?
memastikan_asupan_protein,Bagaimana cara membuat menu harian anak yang kaya protein?
memastikan_asupan_protein,Apa perbedaan kebutuhan protein anak di berbagai usia?
mencegah_gizi_buruk,Apa saja langkah-langkah untuk mencegah anak mengalami kekurangan gizi?
mencegah_gizi_buruk,Bagaimana cara menjaga agar anak tidak mengalami malnutrisi?
mencegah_gizi_buruk,Apa yang harus dilakukan untuk menghindari gizi buruk pada anak?
mencegah_gizi_buruk,Langkah apa yang bisa diambil untuk memastikan anak mendapatkan nutrisi yang cukup?
mencegah_gizi_buruk,Bagaimana cara memastikan anak selalu mendapat asupan gizi yang memadai?
mencegah_gizi_buruk,Apa yang bisa dilakukan agar anak tidak mengalami defisiensi nutrisi?
mencegah_gizi_buruk,Bagaimana cara orang tua mencegah masalah gizi buruk pada anak?
mencegah_gizi_buruk,Apa yang perlu diperhatikan untuk mencegah anak mengalami masalah gizi?
mencegah_gizi_buruk,Bagaimana cara memberikan gizi yang cukup untuk pertumbuhan optimal anak?
mencegah_gizi_buruk,Apa yang harus dilakukan agar anak selalu mendapatkan makanan bergizi?
mencegah_gizi_buruk,Bagaimana memastikan anak mendapat nutrisi yang dibutuhkan setiap hari?
mencegah_gizi_buruk,Apa saja tips untuk menjaga kesehatan gizi anak?
mencegah_gizi_buruk,Bagaimana cara menjaga agar anak tidak kekurangan nutrisi penting?
mencegah_gizi_buruk,Langkah apa yang bisa diambil untuk memastikan anak tidak menderita gizi buruk?
mencegah_gizi_buruk,Bagaimana cara mencegah kekurangan gizi pada anak sejak dini?
mencegah_gizi_buruk,Apa yang bisa dilakukan untuk memastikan anak tidak mengalami malnutrisi?
mencegah_gizi_buruk,Bagaimana cara menghindari terjadinya gizi buruk pada anak-anak?
pola_makan_cegah_stunting,Apa saja pola makan yang dapat mencegah stunting pada anak?
pola_makan_cegah_stunting,Nutrisi apa yang dibutuhkan untuk mencegah stunting?
pola_makan_cegah_stunting,Bagaimana cara menyusun menu seimbang untuk mencegah stunting?
pola_makan_cegah_stunting,Makanan apa yang harus diberikan untuk mencegah stunting?
pola_makan_cegah_stunting,Apa yang harus dimakan anak agar terhindar dari stunting?
pola_makan_cegah_stunting,Apa pentingnya pola makan seimbang dalam mencegah stunting?
pola_makan_cegah_stunting,Bagaimana peran gizi dalam mencegah stunting?
pola_makan_cegah_stunting,Apa komponen utama dalam diet yang efektif untuk mencegah stunting?
pola_makan_cegah_stunting,Makanan jenis apa yang membantu mencegah stunting?
pola_makan_cegah_stunting,Bagaimana cara memastikan asupan nutrisi cukup untuk mencegah stunting?
pola_makan_cegah_stunting,Apa peran vitamin dan mineral dalam mencegah stunting?
pola_makan_cegah_stunting,Bagaimana cara memastikan anak mendapatkan nutrisi yang cukup untuk mencegah stunting?
pola_makan_cegah_stunting,Apa saja contoh menu harian untuk mencegah stunting?
pola_makan_cegah_stunting,Bagaimana cara mengatur pola makan anak agar tidak mengalami stunting?
pola_makan_cegah_stunting,Nutrisi apa saja yang harus diperhatikan untuk mencegah stunting pada anak?
pola_makan_cegah_stunting,Apa saja sumber makanan penting untuk mencegah stunting?
pola_makan_cegah_stunting,Bagaimana diet seimbang dapat mencegah stunting pada anak-anak?
deteksi_dini_stunting_anak,Bagaimana cara mengidentifikasi stunting pada anak sejak dini?
deteksi_dini_stunting_anak,Apa langkah-langkah untuk mendeteksi stunting pada anak?
deteksi_dini_stunting_anak,Bagaimana cara mengetahui tanda-tanda awal stunting pada anak?
deteksi_dini_stunting_anak,Apa saja metode untuk mendeteksi stunting pada anak sejak dini?
deteksi_dini_stunting_anak,Bagaimana cara memantau pertumbuhan anak untuk mendeteksi stunting?
deteksi_dini_stunting_anak,Apa saja cara efektif untuk mengidentifikasi stunting pada anak?
deteksi_dini_stunting_anak,Bagaimana cara memastikan anak tidak mengalami stunting sejak dini?
deteksi_dini_stunting_anak,Apa saja indikator awal stunting pada anak yang harus diperhatikan?
deteksi_dini_stunting_anak,Bagaimana cara melakukan pemeriksaan awal untuk mendeteksi stunting pada anak?
deteksi_dini_stunting_anak,Apa saja tanda-tanda awal stunting yang perlu dipantau pada anak?
deteksi_dini_stunting_anak,Bagaimana cara memeriksa kesehatan anak untuk mengidentifikasi stunting?
deteksi_dini_stunting_anak,Apa langkah-langkah pemantauan yang diperlukan untuk mendeteksi stunting?
deteksi_dini_stunting_anak,Bagaimana cara rutin memantau pertumbuhan anak untuk menghindari stunting?
deteksi_dini_stunting_anak,Apa saja teknik untuk mendeteksi stunting pada anak di usia dini?
deteksi_dini_stunting_anak,Bagaimana cara mendeteksi stunting pada anak melalui pemeriksaan kesehatan rutin?
deteksi_dini_stunting_anak,Apa cara terbaik untuk memantau perkembangan anak agar terhindar dari stunting?
deteksi_dini_stunting_anak,Bagaimana cara mengetahui apakah anak berisiko mengalami stunting?
anemia_ibu_hamil,Apa langkah-langkah untuk mengatasi anemia pada ibu hamil?
anemia_ibu_hamil,Bagaimana cara mencegah anemia selama kehamilan?
anemia_ibu_hamil,Apa yang bisa dilakukan untuk mengobati anemia pada wanita hamil?
anemia_ibu_hamil,Bagaimana cara mengelola anemia pada ibu yang sedang hamil?
anemia_ibu_hamil,Apa saja metode untuk menangani anemia pada ibu hamil?
anemia_ibu_hamil,Bagaimana cara meningkatkan kadar hemoglobin pada ibu hamil yang mengalami anemia?
anemia_ibu_hamil,Apa yang harus dilakukan jika ibu hamil mengalami anemia?
anemia_ibu_hamil,Bagaimana cara memastikan ibu hamil tidak terkena anemia?
anemia_ibu_hamil,Apa saja pengobatan yang efektif untuk anemia pada ibu hamil?
anemia_ibu_hamil,Bagaimana cara mengatasi kekurangan zat besi pada ibu hamil?
anemia_ibu_hamil,Apa saja tindakan untuk mengatasi anemia selama masa kehamilan?
anemia_ibu_hamil,Bagaimana cara menjaga kesehatan ibu hamil agar terhindar dari anemia?
anemia_ibu_hamil,Apa cara terbaik untuk menangani anemia pada ibu hamil?
anemia_ibu_hamil,Bagaimana cara merawat ibu hamil yang mengalami anemia?
anemia_ibu_hamil,Apa saja strategi untuk mengobati anemia pada ibu hamil?
anemia_ibu_hamil,Bagaimana cara mengatasi anemia defisiensi besi pada ibu hamil?
anemia_ibu_hamil,Apa yang bisa dilakukan untuk mengurangi risiko anemia pada ibu hamil?
penyebab_utama_stunting,Apa sih yang bikin anak jadi stunting?
penyebab_utama_stunting,Apa aja yang bisa bikin anak mengalami stunting?
penyebab_utama_stunting,Kenapa sih anak bisa stunting?
penyebab_utama_stunting,Apa yang paling sering bikin anak jadi stunting?
penyebab_utama_stunting,Apa yang jadi penyebab utama anak stunting?
penyebab_utama_stunting,Gimana sebenernya anak bisa stunting?
penyebab_utama_stunting,Apa penyebabnya kalo anak jadi stunting?
penyebab_utama_stunting,Apa yang bikin pertumbuhan anak terhambat sampai stunting?
penyebab_utama_stunting,Kenapa sih anak bisa terkena stunting?
penyebab_utama_stunting,Apa yang sering bikin anak jadi stunting?
penyebab_utama_stunting,Apa sebenarnya yang bikin anak bisa stunting?
penyebab_utama_stunting,Gimana sih sebabnya anak bisa stunting?
penyebab_utama_stunting,Apa faktor utama yang bikin anak stunting?
penyebab_utama_stunting,Apa yang paling sering bikin anak kecil jadi stunting?
penyebab_utama_stunting,Kenapa ya bisa terjadi stunting pada anak?
asupan_gizi_stunting,Ada nggak sih makanan khusus buat hindari stunting?
asupan_gizi_stunting,Apa aja makanan yang bisa bantu cegah stunting?
asupan_gizi_stunting,Gimana cara nutrisi khusus buat hindari anak jadi stunting?
asupan_gizi_stunting,Apa makanan spesial yang bisa bantu cegah stunting?
asupan_gizi_stunting,Ada nggak suplemen makanan yang bisa cegah stunting?
asupan_gizi_stunting,Gimana sih pola makan yang bisa bantu cegah stunting?
asupan_gizi_stunting,Apa aja yang harus dimakan biar anak nggak stunting?
asupan_gizi_stunting,Ada makanan tertentu yang bisa bantu hindari stunting?
asupan_gizi_stunting,Apa yang bisa dimakan biar hindari stunting?
asupan_gizi_stunting,Gimana cara atur pola makan agar anak nggak stunting?
asupan_gizi_stunting,Ada nggak makanan yang khusus buat cegah stunting?
asupan_gizi_stunting,Apa yang perlu dikonsumsi untuk cegah stunting?
asupan_gizi_stunting,Gimana sih menu makanan yang bisa cegah stunting?
asupan_gizi_stunting,Apa saja yang perlu dikasih makan buat cegah stunting?
asupan_gizi_stunting,Ada nggak suplemen yang bisa bantu hindari stunting?
asupan_gizi_stunting,Gimana cara atur gizi biar anak nggak stunting?
asupan_gizi_stunting,Apa yang harus diberikan biar anak nggak stunting?
kehidupan_pertama,Gimana sih definisi 1.000 hari pertama kehidupan itu?
kehidupan_pertama,Apa arti dari 1.000 hari pertama kehidupan?
kehidupan_pertama,Kenapa sih penting 1.000 hari pertama kehidupan ini?
kehidupan_pertama,Apa yang spesial dari 1.000 hari pertama kehidupan?
kehidupan_pertama,1.000 hari pertama kehidupan tuh maksudnya apa?
kehidupan_pertama,Bisa dijelasin nggak tentang 1.000 hari pertama kehidupan?
kehidupan_pertama,Apa yang penting dari 1.000 hari pertama kehidupan?
kehidupan_pertama,Gimana pengaruh 1.000 hari pertama kehidupan terhadap anak?
kehidupan_pertama,Apa yang harus kita tahu tentang 1.000 hari pertama kehidupan?
kehidupan_pertama,Kenapa fase 1.000 hari pertama kehidupan jadi penting?
kehidupan_pertama,Bisa diceritain lebih lanjut tentang 1.000 hari pertama kehidupan?
kehidupan_pertama,Mengapa 1.000 hari pertama kehidupan begitu krusial?
kehidupan_pertama,Apa yang harus kita pahami tentang 1.000 hari pertama kehidupan?
kehidupan_pertama,Kenapa fase awal kehidupan itu penting banget?
kehidupan_pertama,Bisa dijelaskan gimana 1.000 hari pertama kehidupan mempengaruhi anak?
kehidupan_pertama,Apa yang bisa dilihat dari fase 1.000 hari pertama kehidupan?
dampak_panjang_stunting,"Kalau stunting itu punya efek lama, apa aja sih dampaknya?"
dampak_panjang_stunting,Apa yang bisa terjadi kalau anak mengalami stunting dalam jangka panjang?
dampak_panjang_stunting,Gimana sih efek buruk stunting yang bisa terjadi lama-lama?
dampak_panjang_stunting,Apa dampak jangka panjangnya kalo anak stunting?
dampak_panjang_stunting,Stunting itu punya efek buruk buat anaknya jangka panjang gak?
dampak_panjang_stunting,Apa aja konsekuensinya kalo stunting dibiarkan terus menerus?
dampak_panjang_stunting,Stunting tuh bisa bikin apa aja ya dalam jangka panjang?
dampak_panjang_stunting,Efek apa saja yang bisa ditimbulkan kalau anak mengalami stunting secara terus-menerus?
dampak_panjang_stunting,"Gimana sih kalau stunting terjadi terus, apa yang bakal terjadi?"
dampak_panjang_stunting,Apa dampak yang mungkin timbul kalau anak stunting?
dampak_panjang_stunting,Ada nggak dampak berkepanjangan dari stunting?
dampak_panjang_stunting,Apa efeknya kalo stunting dibiarkan terus berlanjut?
dampak_panjang_stunting,"Kalau stunting dibiarkan, apa yang bisa terjadi lama-lama?"
dampak_panjang_stunting,Apa konsekuensinya kalau anak stunting sepanjang hidupnya?
dampak_panjang_stunting,Gimana sih stunting bisa mempengaruhi anak dalam jangka panjang?
dampak_panjang_stunting,Apa aja yang bisa ditimbulkan dari stunting yang berlanjut?
dampak_panjang_stunting,Efek buruk apa yang mungkin terjadi karena stunting?
dampak_pendek_stunting,Apa sih efek buruk stunting dalam waktu dekat?
dampak_pendek_stunting,Gimana sih dampak langsung dari stunting?
dampak_pendek_stunting,Apa aja masalah yang muncul kalo anak stunting dalam jangka pendek?
dampak_pendek_stunting,Efek jangka pendek stunting itu apa aja?
dampak_pendek_stunting,Apa yang bakal terjadi dalam waktu singkat kalo anak stunting?
dampak_pendek_stunting,Gimana sih dampak stunting yang langsung keliatan?
dampak_pendek_stunting,Apa yang terjadi sama anak kalo stunting dalam waktu dekat?
dampak_pendek_stunting,Apa aja masalah kesehatan yang muncul segera kalo anak stunting?
dampak_pendek_stunting,Gimana sih pengaruh stunting dalam jangka pendek?
dampak_pendek_stunting,Efek negatif stunting dalam waktu dekat apa aja ya?
dampak_pendek_stunting,Apa dampak cepat kalo anak kena stunting?
dampak_pendek_stunting,Apa yang langsung keliatan kalo anak stunting?
dampak_pendek_stunting,Apa aja yang terjadi kalo anak mengalami stunting dalam waktu singkat?
dampak_pendek_stunting,Apa yang bisa terjadi pada anak dalam jangka pendek kalo stunting?
dampak_pendek_stunting,Apa efek awal yang bisa dilihat dari anak stunting?
dampak_pendek_stunting,Gimana sih dampak awal kalo anak kena stunting?
dampak_pendek_stunting,Apa yang bisa langsung keliatan kalo anak mengalami stunting?
peran_kb,Gimana sih program KB bisa bantu cegah stunting?
peran_kb,Apa hubungannya program KB sama pencegahan stunting?
peran_kb,Bisa nggak program KB bantu anak biar nggak stunting?
peran_kb,Kenapa program KB penting buat cegah stunting?
peran_kb,Gimana caranya program KB bisa kurangi risiko stunting?
peran_kb,Apa aja yang dilakukan program KB buat cegah stunting?
peran_kb,Gimana sih program KB berperan dalam pencegahan stunting?
peran_kb,Apa manfaat program KB dalam mengatasi stunting?
peran_kb,Gimana cara kerja program KB dalam pencegahan stunting?
peran_kb,Apa yang dilakukan program KB biar anak nggak stunting?
peran_kb,Kenapa program KB bisa efektif buat cegah stunting?
peran_kb,Gimana peran program KB dalam menurunkan angka stunting?
peran_kb,Apa aja yang program KB lakukan untuk cegah stunting?
peran_kb,Bisa jelasin nggak gimana program KB bantu cegah stunting?
peran_kb,Apa kaitannya program KB sama anak yang nggak stunting?
peran_kb,Gimana sih program KB membantu mencegah masalah stunting?
peran_kb,Apa langkah-langkah program KB dalam pencegahan stunting?
pendidikan_ortu,Kenapa sih penting banget orang tua diajarin soal pengasuhan buat cegah stunting?
pendidikan_ortu,Gimana pendidikan pengasuhan bisa bantu cegah stunting?
pendidikan_ortu,Apa sih manfaat pendidikan pengasuhan buat cegah stunting?
pendidikan_ortu,Kenapa orang tua perlu tahu soal pengasuhan untuk mencegah stunting?
pendidikan_ortu,Gimana sih pendidikan pengasuhan berpengaruh ke pencegahan stunting?
pendidikan_ortu,Kenapa penting ngajarin orang tua tentang pengasuhan buat cegah stunting?
pendidikan_ortu,Apa yang bikin pendidikan pengasuhan penting buat mencegah stunting?
pendidikan_ortu,Mengapa edukasi pengasuhan ke orang tua bisa cegah stunting?
pendidikan_ortu,Kenapa sih orang tua perlu belajar pengasuhan untuk mencegah stunting?
pendidikan_ortu,Gimana cara pendidikan pengasuhan bantu kurangi stunting?
pendidikan_ortu,Apa aja manfaat ngajarin orang tua soal pengasuhan buat cegah stunting?
pendidikan_ortu,Mengapa orang tua harus ngerti pengasuhan buat cegah stunting?
pendidikan_ortu,Apa pentingnya pendidikan pengasuhan dalam mencegah stunting?
pendidikan_ortu,Gimana pendidikan pengasuhan bisa bantu anak nggak stunting?
pendidikan_ortu,Kenapa orang tua perlu edukasi soal pengasuhan untuk cegah stunting?
pendidikan_ortu,Apa efek pendidikan pengasuhan pada pencegahan stunting?
pendidikan_ortu,Kenapa sih edukasi pengasuhan penting buat orang tua biar anak nggak stunting?
indikator_program,Apa aja sih yang diukur dalam Program Generasi Sehat dan Cerdas?
indikator_program,Indikator apa aja yang dicek di Program Generasi Sehat dan Cerdas?
indikator_program,Gimana cara ngukur keberhasilan Program Generasi Sehat dan Cerdas?
indikator_program,Apa aja yang dilihat dalam Program Generasi Sehat dan Cerdas?
indikator_program,Program Generasi Sehat dan Cerdas itu ngukur apa aja ya?
indikator_program,Apa yang jadi tolak ukur di Program Generasi Sehat dan Cerdas?
indikator_program,Indikator apa aja yang dipakai dalam Program Generasi Sehat dan Cerdas?
indikator_program,Apa sih yang dicek di Program Generasi Sehat dan Cerdas?
indikator_program,Gimana caranya Program Generasi Sehat dan Cerdas ngevaluasi?
indikator_program,Apa aja yang dipantau dalam Program Generasi Sehat dan Cerdas?
indikator_program,Apa yang jadi patokan dalam Program Generasi Sehat dan Cerdas?
indikator_program,Apa aja yang diukur buat tahu suksesnya Program Generasi Sehat dan Cerdas?
indikator_program,Program Generasi Sehat dan Cerdas ngecek apa aja ya?
indikator_program,Apa indikator utama yang diukur dalam Program Generasi Sehat dan Cerdas?
indikator_program,Gimana cara Program Generasi Sehat dan Cerdas ngukur kesehatan anak?
indikator_program,Apa aja yang diukur di Program Generasi Sehat dan Cerdas buat anak?
indikator_program,Apa yang jadi fokus pengukuran di Program Generasi Sehat dan Cerdas?
air_bersih_bantu_stunting,Gimana sih air bersih bisa bantu cegah stunting?
air_bersih_bantu_stunting,Apa hubungannya penyediaan air bersih sama pencegahan stunting?
air_bersih_bantu_stunting,Bisa nggak air bersih bantu anak biar nggak stunting?
air_bersih_bantu_stunting,Kenapa penting banget sih air bersih buat cegah stunting?
air_bersih_bantu_stunting,Gimana cara air bersih bantu kurangi risiko stunting?
air_bersih_bantu_stunting,Apa aja yang dilakukan penyediaan air bersih buat cegah stunting?
air_bersih_bantu_stunting,Gimana sih air bersih berperan dalam pencegahan stunting?
air_bersih_bantu_stunting,Apa manfaat penyediaan air bersih dalam mengatasi stunting?
air_bersih_bantu_stunting,Gimana cara kerja penyediaan air bersih dalam pencegahan stunting?
air_bersih_bantu_stunting,Apa yang dilakukan penyediaan air bersih biar anak nggak stunting?
air_bersih_bantu_stunting,Kenapa penyediaan air bersih bisa efektif buat cegah stunting?
air_bersih_bantu_stunting,Gimana peran penyediaan air bersih dalam menurunkan angka stunting?
air_bersih_bantu_stunting,Apa aja yang penyediaan air bersih lakukan untuk cegah stunting?
air_bersih_bantu_stunting,Bisa jelasin nggak gimana penyediaan air bersih bantu cegah stunting?
air_bersih_bantu_stunting,Apa kaitannya penyediaan air bersih sama anak yang nggak stunting?
air_bersih_bantu_stunting,Gimana sih penyediaan air bersih membantu mencegah masalah stunting?
air_bersih_bantu_stunting,Apa langkah-langkah penyediaan air bersih dalam pencegahan stunting?
peran_desa,Desa tuh punya peran apa sih dalam cegah stunting?
peran_desa,Gimana desa bisa bantu kurangin stunting?
peran_desa,Apa yang dilakukan desa buat cegah stunting?
peran_desa,Kenapa penting banget desa ikut campur soal stunting?
peran_desa,Apa manfaatnya keterlibatan desa dalam cegah stunting?
peran_desa,Gimana sih desa berperan dalam pencegahan stunting?
peran_desa,Apa aja yang bisa dilakukan desa buat kurangin risiko stunting?
peran_desa,Desa punya peran penting nggak sih dalam mencegah stunting?
peran_desa,Gimana cara desa bantu masyarakat cegah stunting?
peran_desa,Apa yang desa lakukan buat dukung pencegahan stunting?
peran_desa,Kenapa perlu peran aktif desa dalam cegah stunting?
peran_desa,Gimana kontribusi desa dalam upaya cegah stunting?
peran_desa,Apa yang dilakukan pemerintah desa untuk cegah stunting?
peran_desa,Desa punya program apa aja buat bantu cegah stunting?
peran_desa,Gimana desa support anak-anak biar nggak stunting?
peran_desa,Apa langkah desa dalam dukung pencegahan stunting?
peran_desa,Desa bisa lakukan apa aja buat bantu kurangin kasus stunting?
asi_eksklusif,Kenapa ASI eksklusif selama 6 bulan itu penting banget buat cegah stunting?
asi_eksklusif,Apa manfaat utama ASI eksklusif untuk bayi agar tidak stunting?
asi_eksklusif,Kenapa bayi butuh ASI eksklusif selama 6 bulan biar gak stunting?
asi_eksklusif,Gimana sih ASI eksklusif bisa bantu mencegah stunting?
asi_eksklusif,Mengapa dokter selalu rekomendasiin ASI eksklusif untuk 6 bulan pertama?
asi_eksklusif,Apa sih peran ASI eksklusif dalam mencegah stunting?
asi_eksklusif,Kenapa ASI eksklusif dianggap penting buat kesehatan bayi?
asi_eksklusif,Apa alasan ASI eksklusif selama 6 bulan bisa cegah stunting?
asi_eksklusif,Apakah perlu asi eksklusif?
asi_eksklusif,Bagaimana ASI eksklusif bisa membantu pertumbuhan bayi biar gak stunting?
asi_eksklusif,Kenapa bayi gak boleh dikasih makanan lain selain ASI selama 6 bulan pertama?
asi_eksklusif,Apa hubungan antara ASI eksklusif dan pertumbuhan bayi?
asi_eksklusif,Kenapa sih penting banget ngasih ASI eksklusif selama setengah tahun pertama?
asi_eksklusif,Gimana ASI eksklusif bisa bantu perkembangan bayi agar tidak stunting?
asi_eksklusif,Mengapa ASI eksklusif lebih baik dari susu formula dalam mencegah stunting?
asi_eksklusif,Apa yang membuat ASI eksklusif begitu penting buat bayi di 6 bulan pertama?
asi_eksklusif,Bagaimana ASI eksklusif selama 6 bulan pertama mempengaruhi kesehatan bayi?
asi_eksklusif,Kenapa ASI eksklusif sering dibilang sebagai kunci mencegah stunting pada bayi?
cegah_kehamilan_remaja,Kenapa remaja sebaiknya nggak hamil dulu?
cegah_kehamilan_remaja,Apa alasan kita harus mencegah kehamilan pada usia remaja?
cegah_kehamilan_remaja,Mengapa remaja nggak baik kalau hamil muda?
cegah_kehamilan_remaja,Apa dampak negatif hamil di usia remaja?
cegah_kehamilan_remaja,Kenapa remaja perlu menunda kehamilan?
cegah_kehamilan_remaja,Apa aja risiko kehamilan remaja?
cegah_kehamilan_remaja,Mengapa penting bagi remaja untuk fokus dulu pada pendidikan sebelum hamil?
cegah_kehamilan_remaja,Kenapa kehamilan remaja bisa berbahaya?
cegah_kehamilan_remaja,Apa aja tantangan yang dihadapi remaja kalau hamil?
cegah_kehamilan_remaja,Mengapa kesehatan remaja bisa terganggu kalau hamil muda?
cegah_kehamilan_remaja,Apa pengaruh kehamilan remaja terhadap masa depan mereka?
cegah_kehamilan_remaja,Kenapa hamil di usia remaja bisa mengganggu rencana hidup?
cegah_kehamilan_remaja,Apa yang bisa terjadi kalau remaja hamil terlalu muda?
cegah_kehamilan_remaja,Mengapa penting bagi remaja untuk memahami risiko kehamilan?
cegah_kehamilan_remaja,Apa yang membuat kehamilan remaja jadi masalah serius?
cegah_kehamilan_remaja,Bagaimana kehamilan remaja bisa mempengaruhi pendidikan mereka?
cegah_kehamilan_remaja,Kenapa kehamilan di usia remaja sering dianggap tidak ideal?
datang_posyandu,Kenapa sih harus rajin ke posyandu?
datang_posyandu,Apa manfaatnya rutin ke posyandu?
datang_posyandu,Perlu nggak sih bawa anak ke posyandu tiap bulan?
datang_posyandu,Apa yang didapat kalau sering ke posyandu?
datang_posyandu,Penting nggak sih kunjungan ke posyandu buat anak?
datang_posyandu,"Kenapa harus ke posyandu, emangnya ngaruh?"
datang_posyandu,Ada apa aja sih di posyandu?
datang_posyandu,Apa aja yang bisa diperiksa di posyandu?
datang_posyandu,Mengapa perlu ikut kegiatan posyandu?
datang_posyandu,Apa yang terjadi kalau nggak pernah ke posyandu?
datang_posyandu,Apa bedanya anak yang rutin ke posyandu sama yang nggak?
datang_posyandu,Seberapa sering sebaiknya ke posyandu?
datang_posyandu,Apa dampaknya kalau jarang ke posyandu?
datang_posyandu,Apa yang diperiksa di posyandu?
datang_posyandu,Mengapa harus bawa bayi ke posyandu?
datang_posyandu,Apa yang perlu dibawa saat ke posyandu?
datang_posyandu,Kenapa posyandu penting untuk ibu hamil?
makanan_tambahan_bergizi,Apa saja contoh camilan sehat untuk anak?
makanan_tambahan_bergizi,Makanan apa yang bisa menambah asupan gizi anak secara optimal?
makanan_tambahan_bergizi,Apa yang bisa diberikan sebagai makanan selingan yang bergizi untuk anak?
makanan_tambahan_bergizi,Apa saja pilihan makanan tambahan yang bisa membantu tumbuh kembang anak?
makanan_tambahan_bergizi,Camilan apa yang paling baik untuk kesehatan anak?
makanan_tambahan_bergizi,Apa saja makanan yang bisa diberikan untuk menambah nutrisi harian anak?
makanan_tambahan_bergizi,Apa makanan ringan yang sehat untuk anak sekolah?
makanan_tambahan_bergizi,Apa saja makanan tambahan yang baik untuk pertumbuhan anak?
makanan_tambahan_bergizi,Apa yang bisa diberikan sebagai makanan tambahan agar anak tetap aktif dan sehat?
makanan_tambahan_bergizi,Bagaimana cara memilih camilan sehat untuk anak?
makanan_tambahan_bergizi,Apa saja makanan bergizi yang bisa dijadikan bekal sekolah anak?
makanan_tambahan_bergizi,Apa makanan tambahan yang bisa mendukung sistem kekebalan anak?
makanan_tambahan_bergizi,Apa saja makanan yang bisa membantu meningkatkan energi anak?
makanan_tambahan_bergizi,Apa yang bisa diberikan sebagai makanan tambahan saat anak sedang sakit?
makanan_tambahan_bergizi,Apa saja makanan yang baik untuk perkembangan otak anak?
makanan_tambahan_bergizi,Apa saja makanan tambahan yang bisa membantu meningkatkan nafsu makan anak?
makanan_tambahan_bergizi,Apa makanan tambahan yang paling disukai anak-anak namun tetap sehat?
kurang_gizi_hamil,Apa saja dampak dari kekurangan gizi pada ibu hamil?
kurang_gizi_hamil,Bagaimana kekurangan gizi dapat mempengaruhi kesehatan ibu selama kehamilan?
kurang_gizi_hamil,Apa dampak kekurangan gizi terhadap pertumbuhan janin?
kurang_gizi_hamil,Mengapa penting bagi ibu hamil untuk memenuhi kebutuhan gizi mereka?
kurang_gizi_hamil,Bagaimana kekurangan gizi dapat mempengaruhi perkembangan otak janin?
kurang_gizi_hamil,Apa saja risiko bagi janin akibat kekurangan gizi pada ibu hamil?
kurang_gizi_hamil,Mengapa asupan gizi yang cukup penting selama masa kehamilan?
kurang_gizi_hamil,Bagaimana kekurangan zat gizi tertentu seperti besi atau asam folat dapat mempengaruhi kehamilan?
kurang_gizi_hamil,Apa hubungan antara kekurangan gizi pada ibu hamil dan berat badan bayi saat lahir?
kurang_gizi_hamil,Bagaimana dampak kekurangan gizi pada masa kehamilan dapat memengaruhi kesehatan jangka panjang bayi?
kurang_gizi_hamil,Apa yang dapat dilakukan untuk mencegah kekurangan gizi pada ibu hamil?
kurang_gizi_hamil,Mengapa perawatan prenatal yang baik termasuk asupan gizi yang memadai?
kurang_gizi_hamil,Bagaimana kekurangan gizi pada ibu hamil dapat berdampak pada risiko penyakit kronis pada anak nanti?
kurang_gizi_hamil,Apa peran penting gizi dalam menjaga kehamilan yang sehat?
kurang_gizi_hamil,Bagaimana pola makan ibu hamil dapat mempengaruhi perkembangan organ vital bayi?
kurang_gizi_hamil,Mengapa edukasi tentang gizi pada ibu hamil sangat penting?
kurang_gizi_hamil,Apa yang perlu diketahui oleh calon ibu tentang pentingnya nutrisi selama kehamilan?
gizi_seimbang,Apa itu gizi seimbang?
gizi_seimbang,Mengapa penting untuk memahami konsep gizi seimbang?
gizi_seimbang,Bagaimana cara menjaga pola makan yang seimbang?
gizi_seimbang,Apa saja komponen utama dari gizi seimbang?
gizi_seimbang,Mengapa gizi seimbang penting untuk pertumbuhan dan perkembangan anak-anak?
gizi_seimbang,Bagaimana cara menilai apakah pola makan kita sudah seimbang?
gizi_seimbang,Apa yang termasuk dalam makanan yang menyediakan gizi seimbang?
gizi_seimbang,Bagaimana gizi seimbang berhubungan dengan kesehatan secara umum?
gizi_seimbang,Mengapa gizi seimbang menjadi fokus utama dalam pencegahan stunting?
gizi_seimbang,Apa yang perlu dilakukan untuk mencapai pola makan yang seimbang?
gizi_seimbang,Bagaimana pola makan yang tidak seimbang dapat memengaruhi kesehatan?
gizi_seimbang,Apa yang bisa dilakukan untuk memperbaiki pola makan agar lebih seimbang?
gizi_seimbang,Mengapa pendidikan gizi penting dalam memahami konsep gizi seimbang?
gizi_seimbang,Bagaimana gizi seimbang dapat mempengaruhi energi dan konsentrasi sehari-hari?
gizi_seimbang,Apa perbedaan antara gizi seimbang dan gizi tidak seimbang?
gizi_seimbang,Bagaimana gizi seimbang dapat mendukung sistem kekebalan tubuh?
gizi_seimbang,Mengapa penting bagi setiap individu untuk memperhatikan asupan gizi seimbang?
peran_kader,Apa yang dilakukan kader Posyandu untuk membantu mencegah stunting?
peran_kader,Bagaimana kontribusi kader Posyandu dalam upaya pencegahan stunting di komunitas?
peran_kader,Mengapa kader Posyandu penting dalam menanggulangi stunting?
peran_kader,Apa saja kegiatan yang dilakukan oleh kader Posyandu untuk mengedukasi masyarakat tentang stunting?
peran_kader,Bagaimana kader Posyandu membantu memantau pertumbuhan anak-anak untuk mencegah stunting?
peran_kader,Mengapa peran kader Posyandu dianggap krusial dalam pencegahan stunting?
peran_kader,Apa manfaat adanya kader Posyandu dalam mendukung gizi anak dan pencegahan stunting?
peran_kader,Bagaimana cara kader Posyandu berperan dalam memfasilitasi program gizi untuk mengurangi stunting?
peran_kader,Mengapa keterlibatan kader Posyandu sangat diperlukan dalam upaya mengurangi kasus stunting?
peran_kader,Apa peran kader Posyandu dalam mendukung ibu hamil untuk menghindari stunting?
peran_kader,Bagaimana kader Posyandu membantu mengenali anak-anak yang berisiko mengalami stunting?
peran_kader,Apa yang dilakukan kader Posyandu setelah mengidentifikasi anak-anak yang berpotensi stunting?
peran_kader,Mengapa pendekatan kader Posyandu efektif dalam mengedukasi masyarakat tentang pentingnya gizi untuk mencegah stunting?
peran_kader,Bagaimana kader Posyandu berkolaborasi dengan pemerintah lokal dalam program pencegahan stunting?
peran_kader,Apa yang bisa kader Posyandu lakukan untuk meningkatkan kesadaran masyarakat tentang stunting?
peran_kader,Bagaimana kader Posyandu memfasilitasi program-program gizi di tingkat desa untuk pencegahan stunting?
peran_kader,Mengapa dukungan komunitas dari kader Posyandu sangat penting dalam mengatasi masalah stunting?
zat_besi_ibu_hamil,Kenapa sih ibu hamil harus minum suplemen zat besi?
zat_besi_ibu_hamil,Apa manfaatnya ibu hamil minum suplemen zat besi?
zat_besi_ibu_hamil,Zat besi itu penting banget nggak buat ibu hamil?
zat_besi_ibu_hamil,Gimana sih suplemen zat besi bantu ibu hamil?
zat_besi_ibu_hamil,Apa yang terjadi kalo ibu hamil nggak cukup zat besi?
zat_besi_ibu_hamil,Mengapa perlu suplemen zat besi saat hamil?
zat_besi_ibu_hamil,Zat besi itu punya peran penting nggak buat ibu hamil?
zat_besi_ibu_hamil,Apa yang terjadi kalo ibu hamil kekurangan zat besi?
zat_besi_ibu_hamil,Kenapa ibu hamil butuh zat besi lebih banyak?
zat_besi_ibu_hamil,Apa dampaknya kalo ibu hamil nggak cukup zat besi?
zat_besi_ibu_hamil,Mengapa zat besi perlu jadi perhatian khusus buat ibu hamil?
zat_besi_ibu_hamil,Zat besi itu punya manfaat apa buat ibu hamil?
zat_besi_ibu_hamil,Apa yang terjadi kalo ibu hamil nggak minum suplemen zat besi?
zat_besi_ibu_hamil,Mengapa penting bagi ibu hamil mengonsumsi zat besi tambahan?
zat_besi_ibu_hamil,Zat besi itu bener-bener penting buat ibu hamil nggak sih?
zat_besi_ibu_hamil,Gimana suplemen zat besi bisa bantu ibu hamil?
zat_besi_ibu_hamil,Apa aja yang harus diketahui ibu hamil tentang pentingnya zat besi?
imunisasi_stunting,Kenapa sih imunisasi lengkap itu penting buat cegah stunting?
imunisasi_stunting,Gimana imunisasi bisa bantu kurangin risiko stunting?
imunisasi_stunting,Apa hubungannya imunisasi sama pencegahan stunting?
imunisasi_stunting,Imunisasi lengkap itu berperan penting nggak buat cegah stunting?
imunisasi_stunting,Apa manfaatnya imunisasi lengkap dalam mencegah stunting?
imunisasi_stunting,Imunisasi lengkap itu punya peran apa aja buat cegah stunting?
imunisasi_stunting,Kenapa perlu banget anak-anak dapat imunisasi lengkap biar nggak stunting?
imunisasi_stunting,Gimana imunisasi berkontribusi dalam upaya pencegahan stunting?
imunisasi_stunting,Apa yang dilakukan imunisasi buat dukung anak biar nggak stunting?
imunisasi_stunting,Apa yang imunisasi lakukan buat bantu kurangi kasus stunting?
imunisasi_stunting,Kenapa imunisasi jadi faktor penting dalam pencegahan stunting?
imunisasi_stunting,Gimana imunisasi bisa bantu anak-anak dari risiko stunting?
imunisasi_stunting,Apa aja yang harus orangtua tahu tentang pentingnya imunisasi buat cegah stunting?
imunisasi_stunting,Imunisasi punya dampak apa aja dalam mencegah stunting?
imunisasi_stunting,Gimana cara imunisasi bekerja dalam dukung pencegahan stunting?
imunisasi_stunting,Apa langkah-langkah imunisasi dalam dukung anak biar nggak stunting?
imunisasi_stunting,Imunisasi punya efek apa dalam upaya cegah stunting?